<?xml version="1.0" encoding="utf-8" ?>
<ThingDefs>


  <ThingDef Name="ArmorHelmetMakeableBorg" ParentName="ArmorMakeableBaseBorg" Abstract="True">
    <thingCategories>
      <li>Headgear</li>
    </thingCategories>
  </ThingDef>
  <ThingDef Name="HatMakeableBaseBorg" ParentName="ApparelMakeableBaseBorg" Abstract="True">
    <thingCategories>
      <li>Headgear</li>
    </thingCategories>
  </ThingDef>  
  <ThingDef Name="ApparelBaseBorg" Abstract="True">
    <thingClass>Apparel</thingClass>
    <category>Item</category>
    <selectable>True</selectable>
    <pathCost>10</pathCost>
    <useHitPoints>True</useHitPoints>
    <graphicData>
      <onGroundRandomRotateAngle>35</onGroundRandomRotateAngle>
    </graphicData>
    <drawGUIOverlay>true</drawGUIOverlay>
    <statBases>
      <MaxHitPoints>100</MaxHitPoints>
      <Flammability>1.0</Flammability>
      <DeteriorationRate>2</DeteriorationRate>
      <SellPriceFactor>0.5</SellPriceFactor>
    </statBases>
    <altitudeLayer>Item</altitudeLayer>
    <alwaysHaulable>True</alwaysHaulable>
    <tickerType>Never</tickerType>
  </ThingDef>
  <ThingDef Name="ApparelMakeableBaseBorg" ParentName="ApparelBaseBorg" Abstract="True">
    <recipeMaker>
      <workSpeedStat>TailoringSpeed</workSpeedStat>
      <workSkill>Crafting</workSkill>
      <effectWorking>Tailor</effectWorking>
      <soundWorking>Recipe_Tailor</soundWorking>
      <recipeUsers>
        <li>BorgMachiningStation</li>
      </recipeUsers>
      <unfinishedThingDef>UnfinishedApparel</unfinishedThingDef>
    </recipeMaker>
  </ThingDef>
  <ThingDef Name="ArmorMakeableBaseBorg" ParentName="ApparelBaseBorg" Abstract="True">
    <recipeMaker>
      <workSpeedStat>SmithingSpeed</workSpeedStat>
      <workSkill>Crafting</workSkill>
      <effectWorking>Smith</effectWorking>
	  <recipeUsers>
        <li>BorgMachiningStation</li>
      </recipeUsers>
      <soundWorking>Recipe_Machining</soundWorking>
      <unfinishedThingDef>UnfinishedApparel</unfinishedThingDef>
    </recipeMaker>
  </ThingDef>
  
  <!-- Borg -->
 
  <ThingDef ParentName="ArmorMakeableBaseBorg">
    <defName>Apparel_BorgArmor</defName>
    <label>borg drone armor</label>
    <description>The borg have designed this as something of a secondary carapace, protecting delicate nanites underneath as they continue their endless task of assimilation, refinement, and cellular maintenance. The armor itself is incredibly sturdy, capable of shrugging off smaller arms and buffering stronger weapons.</description>
    <techLevel>Spacer</techLevel>
    <recipeMaker>
        <researchPrerequisite>BorgT4</researchPrerequisite>
      <unfinishedThingDef>UnfinishedApparel</unfinishedThingDef>
    </recipeMaker>
    <graphicData>
      <texPath>Things/Borg/Uniforms/BorgDrone</texPath>
      <graphicClass>Graphic_Single</graphicClass>
    </graphicData>
    <statBases>
      <WorkToMake>8000</WorkToMake>
      <MaxHitPoints>150</MaxHitPoints>
      <MarketValue>250</MarketValue>
      <ArmorRating_Blunt>0.5</ArmorRating_Blunt>
      <ArmorRating_Sharp>0.5</ArmorRating_Sharp>
	  <Insulation_Cold>-20</Insulation_Cold>
	  <Insulation_Heat>40</Insulation_Heat>
	  <Mass>5.3</Mass>
    </statBases>
    <costList>
      <Steel>180</Steel>
	  <Plasteel>20</Plasteel>
	  <Component>5</Component>
    </costList>
    <thingCategories>
      <li>Apparel</li>
    </thingCategories>
    <equippedStatOffsets>
      <MoveSpeed>-0.15</MoveSpeed>
    </equippedStatOffsets>
    <apparel>
	<layers>
    <li>OnSkin</li>
    </layers>
      <bodyPartGroups>
        <li>Torso</li>
		<li>Shoulders</li>
        <li>Arms</li>
		<li>Legs</li>
      </bodyPartGroups>
      <worngraphicPath>Things/Borg/Uniforms/BorgDrone</worngraphicPath>
		<tags>
		<li>BorgArmor</li>
		</tags>
		</apparel>
		</ThingDef>		

</ThingDefs>