<?xml version="1.0" encoding="utf-8" ?>
<ThingDefs>

  <ThingDef ParentName="MealBase">
    <defName>BorgNutrientPaste</defName>
    <label>borg nutrient paste</label>
    <thingClass>ThingWithComps</thingClass>
    <thingCategories>
      <li>Foods</li>
    </thingCategories>
    <description>A nutrient paste developed from organic matter, the borg have adapted this nutrient substitude to serve the needs of the organic parts of their body.</description>
    <graphicData>
      <texPath>Things/Borg/Items/BorgNutrientPaste</texPath>
      <graphicClass>Graphic_Single</graphicClass>
    </graphicData>
    <socialPropernessMatters>true</socialPropernessMatters>
    <statBases>
      <MarketValue>1.5</MarketValue>
      <Mass>0.018</Mass>
      <WorkToMake>300</WorkToMake>
	<DeteriorationRate>2</DeteriorationRate>
    </statBases>
    <ingestible>
      <foodType>Meal</foodType>
      <preferability>MealSimple</preferability>
      <nutrition>0.5</nutrition>
      <ingestEffect>EatVegetarian</ingestEffect>
      <ingestSound>Meal_Eat</ingestSound>
			<optimalityOffset>6</optimalityOffset>
		</ingestible>
    <comps>
      <li Class="CompProperties_Rottable">
        <daysToRotStart>80</daysToRotStart>
        <rotDestroys>true</rotDestroys>
      </li>
      <li Class="CompProperties_Ingredients" />
    </comps>
  </ThingDef>

  
</ThingDefs>
