<?xml version="1.0" encoding="utf-8" ?>
<FactionDefs>
  
  <FactionDef>
		<defName>BorgCollective</defName>
		<label>Borg station</label>
		<description>A station built and maintained by the Borg for the assimilation of the planets humanoid populations.</description>
		<pawnsPlural>Borg</pawnsPlural>
		<requiredCountAtGameStart>1</requiredCountAtGameStart>
		<BaseSelectionWeight>.2</BaseSelectionWeight>
		<raidCommonality>66</raidCommonality>
		<canSiege>true</canSiege>
		<expandingIconTexture>Things/Borg/Items/BorgHome</expandingIconTexture>
		<canStageAttacks>true</canStageAttacks>
		<leaderTitle>Secondary Adjunct</leaderTitle>
		<pawnNameMaker>NamerPersonBorg</pawnNameMaker>
    <startingGoodwill>
      <min>-100</min>
      <max>-50</max>
    </startingGoodwill>
	 <naturalColonyGoodwill>
      <min>-10</min>
      <max>-2</max>
    </naturalColonyGoodwill>
			<hairTags>
			<li>Rural</li>
		</hairTags>
		<factionNameMaker>NamerFactionBorg</factionNameMaker>
		<BaseNameMaker>NamerFactionBaseBorg</BaseNameMaker>
		<techLevel>Spacer</techLevel>
		<backstoryCategory>BorgBackstories</backstoryCategory>
	<pawnGroupMakers>
    	<li>
		<kindDef>Normal</kindDef>
		<commonality>100</commonality>
        <options>
		<BorgDrone>100</BorgDrone>
		<BorgDrone2>20</BorgDrone2>
		<BorgDrone2>50</BorgDrone2>
        </options>
      </li>
	  <li>
	  <kindDef>FactionBase</kindDef>
	  <options>
		<BorgDrone>100</BorgDrone>
		<BorgDrone2>20</BorgDrone2>
		<BorgDrone3>80</BorgDrone3>
		<BorgCommand>1</BorgCommand>
		</options>
		</li>
	</pawnGroupMakers>
    <allowedArrivalTemperatureRange>
      <min>-100</min>
      <max>120</max>
    </allowedArrivalTemperatureRange>
    <homeIconPath>Things/Borg/Items/BorgHome</homeIconPath>
  </FactionDef>
  
</FactionDefs>

   